ProductKey,Product iteam Code,Product Name,Sub Category,Product Color,Product Size,Product Line,Product Category,MOdel NAme
1,AR-5381,Adjustable Race,NULL,NA,NULL,NULL,NULL,NULL
2,BA-8327,Bearing Ball,NULL,NA,NULL,NULL,NULL,NULL
3,BE-2349,BB Ball Bearing,NULL,NA,NULL,NULL,NULL,NULL
4,BE-2908,Headset Ball Bearings,NULL,NA,NULL,NULL,NULL,NULL
5,BL-2036,Blade,NULL,NA,NULL,NULL,NULL,NULL
6,CA-5965,LL Crankarm,NULL,Black,NULL,NULL,NULL,NULL
7,CA-6738,ML Crankarm,NULL,Black,NULL,NULL,NULL,NULL
8,CA-7457,HL Crankarm,NULL,Black,NULL,NULL,NULL,NULL
9,CB-2903,Chainring Bolts,NULL,Silver,NULL,NULL,NULL,NULL
10,CN-6137,Chainring Nut,NULL,Silver,NULL,NULL,NULL,NULL
11,CR-7833,Chainring,NULL,Black,NULL,NULL,NULL,NULL
12,CR-9981,Crown Race,NULL,NA,NULL,NULL,NULL,NULL
13,CS-2812,Chain Stays,NULL,NA,NULL,NULL,NULL,NULL
14,DC-8732,Decal 1,NULL,NA,NULL,NULL,NULL,NULL
15,DC-9824,Decal 2,NULL,NA,NULL,NULL,NULL,NULL
16,DT-2377,Down Tube,NULL,NA,NULL,NULL,NULL,NULL
17,EC-M092,Mountain End Caps,NULL,NA,NULL,NULL,NULL,NULL
18,EC-R098,Road End Caps,NULL,NA,NULL,NULL,NULL,NULL
19,EC-T209,Touring End Caps,NULL,NA,NULL,NULL,NULL,NULL
20,FE-3760,Fork End,NULL,NA,NULL,NULL,NULL,NULL
21,FH-2981,Freewheel,NULL,Silver,NULL,NULL,NULL,NULL
22,FW-1000,Flat Washer 1,NULL,NA,NULL,NULL,NULL,NULL
23,FW-1200,Flat Washer 6,NULL,NA,NULL,NULL,NULL,NULL
24,FW-1400,Flat Washer 2,NULL,NA,NULL,NULL,NULL,NULL
25,FW-3400,Flat Washer 9,NULL,NA,NULL,NULL,NULL,NULL
26,FW-3800,Flat Washer 4,NULL,NA,NULL,NULL,NULL,NULL
27,FW-5160,Flat Washer 3,NULL,NA,NULL,NULL,NULL,NULL
28,FW-5800,Flat Washer 8,NULL,NA,NULL,NULL,NULL,NULL
29,FW-7160,Flat Washer 5,NULL,NA,NULL,NULL,NULL,NULL
30,FW-9160,Flat Washer 7,NULL,NA,NULL,NULL,NULL,NULL
31,FC-3654,Fork Crown,NULL,NA,NULL,NULL,NULL,NULL
32,FC-3982,Front Derailleur Cage,NULL,Silver,NULL,NULL,NULL,NULL
33,FL-2301,Front Derailleur Linkage,NULL,Silver,NULL,NULL,NULL,NULL
34,GP-0982,Guide Pulley,NULL,NA,NULL,NULL,NULL,NULL
35,GT-0820,LL Grip Tape,NULL,NA,NULL,NULL,NULL,NULL
36,GT-1209,ML Grip Tape,NULL,NA,NULL,NULL,NULL,NULL
37,GT-2908,HL Grip Tape,NULL,NA,NULL,NULL,NULL,NULL
38,HJ-1213,Thin-Jam Hex Nut 9,NULL,NA,NULL,NULL,NULL,NULL
39,HJ-1220,Thin-Jam Hex Nut 10,NULL,NA,NULL,NULL,NULL,NULL
40,HJ-1420,Thin-Jam Hex Nut 1,NULL,NA,NULL,NULL,NULL,NULL
41,HJ-1428,Thin-Jam Hex Nut 2,NULL,NA,NULL,NULL,NULL,NULL
42,HJ-3410,Thin-Jam Hex Nut 15,NULL,NA,NULL,NULL,NULL,NULL
43,HJ-3416,Thin-Jam Hex Nut 16,NULL,NA,NULL,NULL,NULL,NULL
44,HJ-3816,Thin-Jam Hex Nut 5,NULL,NA,NULL,NULL,NULL,NULL
45,HJ-3824,Thin-Jam Hex Nut 6,NULL,NA,NULL,NULL,NULL,NULL
46,HJ-5161,Thin-Jam Hex Nut 3,NULL,NA,NULL,NULL,NULL,NULL
47,HJ-5162,Thin-Jam Hex Nut 4,NULL,NA,NULL,NULL,NULL,NULL
48,HJ-5811,Thin-Jam Hex Nut 13,NULL,NA,NULL,NULL,NULL,NULL
49,HJ-5818,Thin-Jam Hex Nut 14,NULL,NA,NULL,NULL,NULL,NULL
50,HJ-7161,Thin-Jam Hex Nut 7,NULL,NA,NULL,NULL,NULL,NULL
51,HJ-7162,Thin-Jam Hex Nut 8,NULL,NA,NULL,NULL,NULL,NULL
52,HJ-9080,Thin-Jam Hex Nut 12,NULL,NA,NULL,NULL,NULL,NULL
53,HJ-9161,Thin-Jam Hex Nut 11,NULL,NA,NULL,NULL,NULL,NULL
54,HN-1024,Hex Nut 5,NULL,NA,NULL,NULL,NULL,NULL
55,HN-1032,Hex Nut 6,NULL,NA,NULL,NULL,NULL,NULL
56,HN-1213,Hex Nut 16,NULL,NA,NULL,NULL,NULL,NULL
57,HN-1220,Hex Nut 17,NULL,NA,NULL,NULL,NULL,NULL
58,HN-1224,Hex Nut 7,NULL,NA,NULL,NULL,NULL,NULL
59,HN-1420,Hex Nut 8,NULL,NA,NULL,NULL,NULL,NULL
60,HN-1428,Hex Nut 9,NULL,NA,NULL,NULL,NULL,NULL
61,HN-3410,Hex Nut 22,NULL,NA,NULL,NULL,NULL,NULL
62,HN-3416,Hex Nut 23,NULL,NA,NULL,NULL,NULL,NULL
63,HN-3816,Hex Nut 12,NULL,NA,NULL,NULL,NULL,NULL
64,HN-3824,Hex Nut 13,NULL,NA,NULL,NULL,NULL,NULL
65,HN-4402,Hex Nut 1,NULL,NA,NULL,NULL,NULL,NULL
66,HN-5161,Hex Nut 10,NULL,NA,NULL,NULL,NULL,NULL
67,HN-5162,Hex Nut 11,NULL,NA,NULL,NULL,NULL,NULL
68,HN-5400,Hex Nut 2,NULL,NA,NULL,NULL,NULL,NULL
69,HN-5811,Hex Nut 20,NULL,NA,NULL,NULL,NULL,NULL
70,HN-5818,Hex Nut 21,NULL,NA,NULL,NULL,NULL,NULL
71,HN-6320,Hex Nut 3,NULL,NA,NULL,NULL,NULL,NULL
72,HN-7161,Hex Nut 14,NULL,NA,NULL,NULL,NULL,NULL
73,HN-7162,Hex Nut 15,NULL,NA,NULL,NULL,NULL,NULL
74,HN-8320,Hex Nut 4,NULL,NA,NULL,NULL,NULL,NULL
75,HN-9161,Hex Nut 18,NULL,NA,NULL,NULL,NULL,NULL
76,HN-9168,Hex Nut 19,NULL,NA,NULL,NULL,NULL,NULL
77,HT-2981,Handlebar Tube,NULL,NA,NULL,NULL,NULL,NULL
78,HT-8019,Head Tube,NULL,NA,NULL,NULL,NULL,NULL
79,HU-6280,LL Hub,NULL,NA,NULL,NULL,NULL,NULL
80,HU-8998,HL Hub,NULL,NA,NULL,NULL,NULL,NULL
81,KW-4091,Keyed Washer,NULL,NA,NULL,NULL,NULL,NULL
82,LE-1000,External Lock Washer 3,NULL,NA,NULL,NULL,NULL,NULL
83,LE-1200,External Lock Washer 4,NULL,NA,NULL,NULL,NULL,NULL
84,LE-1201,External Lock Washer 9,NULL,NA,NULL,NULL,NULL,NULL
85,LE-1400,External Lock Washer 5,NULL,NA,NULL,NULL,NULL,NULL
86,LE-3800,External Lock Washer 7,NULL,NA,NULL,NULL,NULL,NULL
87,LE-5160,External Lock Washer 6,NULL,NA,NULL,NULL,NULL,NULL
88,LE-6000,External Lock Washer 1,NULL,NA,NULL,NULL,NULL,NULL
89,LE-7160,External Lock Washer 8,NULL,NA,NULL,NULL,NULL,NULL
90,LE-8000,External Lock Washer 2,NULL,NA,NULL,NULL,NULL,NULL
91,LI-1000,Internal Lock Washer 3,NULL,NA,NULL,NULL,NULL,NULL
92,LI-1200,Internal Lock Washer 4,NULL,NA,NULL,NULL,NULL,NULL
93,LI-1201,Internal Lock Washer 9,NULL,NA,NULL,NULL,NULL,NULL
94,LI-1400,Internal Lock Washer 5,NULL,NA,NULL,NULL,NULL,NULL
95,LI-3800,Internal Lock Washer 7,NULL,NA,NULL,NULL,NULL,NULL
96,LI-5160,Internal Lock Washer 6,NULL,NA,NULL,NULL,NULL,NULL
97,LI-5800,Internal Lock Washer 10,NULL,NA,NULL,NULL,NULL,NULL
98,LI-6000,Internal Lock Washer 1,NULL,NA,NULL,NULL,NULL,NULL
99,LI-7160,Internal Lock Washer 8,NULL,NA,NULL,NULL,NULL,NULL
100,LI-8000,Internal Lock Washer 2,NULL,NA,NULL,NULL,NULL,NULL
101,LJ-1213,Thin-Jam Lock Nut 9,NULL,NA,NULL,NULL,NULL,NULL
102,LJ-1220,Thin-Jam Lock Nut 10,NULL,NA,NULL,NULL,NULL,NULL
103,LJ-1420,Thin-Jam Lock Nut 1,NULL,NA,NULL,NULL,NULL,NULL
104,LJ-1428,Thin-Jam Lock Nut 2,NULL,NA,NULL,NULL,NULL,NULL
105,LJ-3410,Thin-Jam Lock Nut 15,NULL,NA,NULL,NULL,NULL,NULL
106,LJ-3416,Thin-Jam Lock Nut 16,NULL,NA,NULL,NULL,NULL,NULL
107,LJ-3816,Thin-Jam Lock Nut 5,NULL,NA,NULL,NULL,NULL,NULL
108,LJ-3824,Thin-Jam Lock Nut 6,NULL,NA,NULL,NULL,NULL,NULL
109,LJ-5161,Thin-Jam Lock Nut 3,NULL,NA,NULL,NULL,NULL,NULL
110,LJ-5162,Thin-Jam Lock Nut 4,NULL,NA,NULL,NULL,NULL,NULL
111,LJ-5811,Thin-Jam Lock Nut 13,NULL,NA,NULL,NULL,NULL,NULL
112,LJ-5818,Thin-Jam Lock Nut 14,NULL,NA,NULL,NULL,NULL,NULL
113,LJ-7161,Thin-Jam Lock Nut 7,NULL,NA,NULL,NULL,NULL,NULL
114,LJ-7162,Thin-Jam Lock Nut 8,NULL,NA,NULL,NULL,NULL,NULL
115,LJ-9080,Thin-Jam Lock Nut 12,NULL,NA,NULL,NULL,NULL,NULL
116,LJ-9161,Thin-Jam Lock Nut 11,NULL,NA,NULL,NULL,NULL,NULL
117,LN-1024,Lock Nut 5,NULL,NA,NULL,NULL,NULL,NULL
118,LN-1032,Lock Nut 6,NULL,NA,NULL,NULL,NULL,NULL
119,LN-1213,Lock Nut 16,NULL,NA,NULL,NULL,NULL,NULL
120,LN-1220,Lock Nut 17,NULL,NA,NULL,NULL,NULL,NULL
121,LN-1224,Lock Nut 7,NULL,NA,NULL,NULL,NULL,NULL
122,LN-1420,Lock Nut 8,NULL,NA,NULL,NULL,NULL,NULL
123,LN-1428,Lock Nut 9,NULL,NA,NULL,NULL,NULL,NULL
124,LN-3410,Lock Nut 22,NULL,NA,NULL,NULL,NULL,NULL
125,LN-3416,Lock Nut 23,NULL,NA,NULL,NULL,NULL,NULL
126,LN-3816,Lock Nut 12,NULL,NA,NULL,NULL,NULL,NULL
127,LN-3824,Lock Nut 13,NULL,NA,NULL,NULL,NULL,NULL
128,LN-4400,Lock Nut 1,NULL,NA,NULL,NULL,NULL,NULL
129,LN-5161,Lock Nut 10,NULL,NA,NULL,NULL,NULL,NULL
130,LN-5162,Lock Nut 11,NULL,NA,NULL,NULL,NULL,NULL
131,LN-5400,Lock Nut 2,NULL,NA,NULL,NULL,NULL,NULL
132,LN-5811,Lock Nut 20,NULL,NA,NULL,NULL,NULL,NULL
133,LN-5818,Lock Nut 21,NULL,NA,NULL,NULL,NULL,NULL
134,LN-6320,Lock Nut 3,NULL,NA,NULL,NULL,NULL,NULL
135,LN-7161,Lock Nut 14,NULL,NA,NULL,NULL,NULL,NULL
136,LN-7162,Lock Nut 15,NULL,NA,NULL,NULL,NULL,NULL
137,LN-8320,Lock Nut 4,NULL,NA,NULL,NULL,NULL,NULL
138,LN-9080,Lock Nut 19,NULL,NA,NULL,NULL,NULL,NULL
139,LN-9161,Lock Nut 18,NULL,NA,NULL,NULL,NULL,NULL
140,LR-2398,Lock Ring,NULL,Silver,NULL,NULL,NULL,NULL
141,LR-8520,Lower Head Race,NULL,NA,NULL,NULL,NULL,NULL
142,LW-1000,Lock Washer 4,NULL,NA,NULL,NULL,NULL,NULL
143,LW-1200,Lock Washer 5,NULL,NA,NULL,NULL,NULL,NULL
144,LW-1201,Lock Washer 10,NULL,NA,NULL,NULL,NULL,NULL
145,LW-1400,Lock Washer 6,NULL,NA,NULL,NULL,NULL,NULL
146,LW-3400,Lock Washer 13,NULL,NA,NULL,NULL,NULL,NULL
147,LW-3800,Lock Washer 8,NULL,NA,NULL,NULL,NULL,NULL
148,LW-4000,Lock Washer 1,NULL,NA,NULL,NULL,NULL,NULL
149,LW-5160,Lock Washer 7,NULL,NA,NULL,NULL,NULL,NULL
150,LW-5800,Lock Washer 12,NULL,NA,NULL,NULL,NULL,NULL
151,LW-6000,Lock Washer 2,NULL,NA,NULL,NULL,NULL,NULL
152,LW-7160,Lock Washer 9,NULL,NA,NULL,NULL,NULL,NULL
153,LW-8000,Lock Washer 3,NULL,NA,NULL,NULL,NULL,NULL
154,LW-9160,Lock Washer 11,NULL,NA,NULL,NULL,NULL,NULL
155,MA-7075,Metal Angle,NULL,NA,NULL,NULL,NULL,NULL
156,MB-2024,Metal Bar 1,NULL,NA,NULL,NULL,NULL,NULL
157,MB-6061,Metal Bar 2,NULL,NA,NULL,NULL,NULL,NULL
158,MP-2066,Metal Plate 2,NULL,NA,NULL,NULL,NULL,NULL
159,MP-2503,Metal Plate 1,NULL,NA,NULL,NULL,NULL,NULL
160,MP-4960,Metal Plate 3,NULL,NA,NULL,NULL,NULL,NULL
161,MS-0253,Metal Sheet 2,NULL,NA,NULL,NULL,NULL,NULL
162,MS-1256,Metal Sheet 3,NULL,NA,NULL,NULL,NULL,NULL
163,MS-1981,Metal Sheet 7,NULL,NA,NULL,NULL,NULL,NULL
164,MS-2259,Metal Sheet 4,NULL,NA,NULL,NULL,NULL,NULL
165,MS-2341,Metal Sheet 5,NULL,NA,NULL,NULL,NULL,NULL
166,MS-2348,Metal Sheet 6,NULL,NA,NULL,NULL,NULL,NULL
167,MS-6061,Metal Sheet 1,NULL,NA,NULL,NULL,NULL,NULL
168,MT-1000,Metal Tread Plate,NULL,NA,NULL,NULL,NULL,NULL
169,NI-4127,LL Nipple,NULL,NA,NULL,NULL,NULL,NULL
170,NI-9522,HL Nipple,NULL,NA,NULL,NULL,NULL,NULL
171,PA-187B,Paint - Black,NULL,NA,NULL,NULL,NULL,NULL
172,PA-361R,Paint - Red,NULL,NA,NULL,NULL,NULL,NULL
173,PA-529S,Paint - Silver,NULL,NA,NULL,NULL,NULL,NULL
174,PA-632U,Paint - Blue,NULL,NA,NULL,NULL,NULL,NULL
175,PA-823Y,Paint - Yellow,NULL,NA,NULL,NULL,NULL,NULL
176,PB-6109,Pinch Bolt,NULL,NA,NULL,NULL,NULL,NULL
177,RA-2345,Cup-Shaped Race,NULL,NA,NULL,NULL,NULL,NULL
178,RA-7490,Cone-Shaped Race,NULL,NA,NULL,NULL,NULL,NULL
179,RF-9198,Reflector,NULL,NA,NULL,NULL,NULL,NULL
180,RM-M464,LL Mountain Rim,NULL,NA,NULL,NULL,NULL,NULL
181,RM-M692,ML Mountain Rim,NULL,NA,NULL,NULL,NULL,NULL
182,RM-M823,HL Mountain Rim,NULL,NA,NULL,NULL,NULL,NULL
183,RM-R436,LL Road Rim,NULL,NA,NULL,NULL,NULL,NULL
184,RM-R600,ML Road Rim,NULL,NA,NULL,NULL,NULL,NULL
185,RM-R800,HL Road Rim,NULL,NA,NULL,NULL,NULL,NULL
186,RM-T801,Touring Rim,NULL,NA,NULL,NULL,NULL,NULL
187,SA-M198,LL Mountain Seat Assembly,NULL,NA,NULL,NULL,NULL,NULL
188,SA-M237,ML Mountain Seat Assembly,NULL,NA,NULL,NULL,NULL,NULL
189,SA-M687,HL Mountain Seat Assembly,NULL,NA,NULL,NULL,NULL,NULL
190,SA-R127,LL Road Seat Assembly,NULL,NA,NULL,NULL,NULL,NULL
191,SA-R430,ML Road Seat Assembly,NULL,NA,NULL,NULL,NULL,NULL
192,SA-R522,HL Road Seat Assembly,NULL,NA,NULL,NULL,NULL,NULL
193,SA-T467,LL Touring Seat Assembly,NULL,NA,NULL,NULL,NULL,NULL
194,SA-T612,ML Touring Seat Assembly,NULL,NA,NULL,NULL,NULL,NULL
195,SA-T872,HL Touring Seat Assembly,NULL,NA,NULL,NULL,NULL,NULL
196,SD-2342,LL Spindle/Axle,NULL,NA,NULL,NULL,NULL,NULL
197,SD-9872,HL Spindle/Axle,NULL,NA,NULL,NULL,NULL,NULL
198,SH-4562,LL Shell,NULL,NA,NULL,NULL,NULL,NULL
199,SH-9312,HL Shell,NULL,NA,NULL,NULL,NULL,NULL
200,SK-9283,Spokes,NULL,NA,NULL,NULL,NULL,NULL
201,SL-0931,Seat Lug,NULL,NA,NULL,NULL,NULL,NULL
202,SM-9087,Stem,NULL,NA,NULL,NULL,NULL,NULL
203,SP-2981,Seat Post,NULL,NA,NULL,NULL,NULL,NULL
204,SR-2098,Steerer,NULL,NA,NULL,NULL,NULL,NULL
205,SS-2985,Seat Stays,NULL,NA,NULL,NULL,NULL,NULL
206,ST-9828,Seat Tube,NULL,NA,NULL,NULL,NULL,NULL
207,TO-2301,Top Tube,NULL,NA,NULL,NULL,NULL,NULL
208,TP-0923,Tension Pulley,NULL,NA,NULL,NULL,NULL,NULL
209,RC-0291,Rear Derailleur Cage,NULL,Silver,NULL,NULL,NULL,NULL
210,FR-R92B-58,"HL Road Frame - Black, 58",Road Frames,Black,58,R ,Components,HL Road Frame
211,FR-R92R-58,"HL Road Frame - Red, 58",Road Frames,Red,58,R ,Components,HL Road Frame
212,HL-U509-R,"Sport-100 Helmet, Red",Helmets,Red,NULL,S ,Accessories,Sport-100
213,HL-U509-R,"Sport-100 Helmet, Red",Helmets,Red,NULL,S ,Accessories,Sport-100
214,HL-U509-R,"Sport-100 Helmet, Red",Helmets,Red,NULL,S ,Accessories,Sport-100
215,HL-U509,"Sport-100 Helmet, Black",Helmets,Black,NULL,S ,Accessories,Sport-100
216,HL-U509,"Sport-100 Helmet, Black",Helmets,Black,NULL,S ,Accessories,Sport-100
217,HL-U509,"Sport-100 Helmet, Black",Helmets,Black,NULL,S ,Accessories,Sport-100
218,SO-B909-M,"Mountain Bike Socks, M",Socks,White,M,M ,Clothing,Mountain Bike Socks
219,SO-B909-L,"Mountain Bike Socks, L",Socks,White,L,M ,Clothing,Mountain Bike Socks
220,HL-U509-B,"Sport-100 Helmet, Blue",Helmets,Blue,NULL,S ,Accessories,Sport-100
221,HL-U509-B,"Sport-100 Helmet, Blue",Helmets,Blue,NULL,S ,Accessories,Sport-100
222,HL-U509-B,"Sport-100 Helmet, Blue",Helmets,Blue,NULL,S ,Accessories,Sport-100
223,CA-1098,AWC Logo Cap,Caps,Multi,NULL,S ,Clothing,Cycling Cap
224,CA-1098,AWC Logo Cap,Caps,Multi,NULL,S ,Clothing,Cycling Cap
225,CA-1098,AWC Logo Cap,Caps,Multi,NULL,S ,Clothing,Cycling Cap
226,LJ-0192-S,"Long-Sleeve Logo Jersey, S",Jerseys,Multi,S,S ,Clothing,Long-Sleeve Logo Jersey
227,LJ-0192-S,"Long-Sleeve Logo Jersey, S",Jerseys,Multi,S,S ,Clothing,Long-Sleeve Logo Jersey
228,LJ-0192-S,"Long-Sleeve Logo Jersey, S",Jerseys,Multi,S,S ,Clothing,Long-Sleeve Logo Jersey
229,LJ-0192-M,"Long-Sleeve Logo Jersey, M",Jerseys,Multi,M,S ,Clothing,Long-Sleeve Logo Jersey
230,LJ-0192-M,"Long-Sleeve Logo Jersey, M",Jerseys,Multi,M,S ,Clothing,Long-Sleeve Logo Jersey
231,LJ-0192-M,"Long-Sleeve Logo Jersey, M",Jerseys,Multi,M,S ,Clothing,Long-Sleeve Logo Jersey
232,LJ-0192-L,"Long-Sleeve Logo Jersey, L",Jerseys,Multi,L,S ,Clothing,Long-Sleeve Logo Jersey
233,LJ-0192-L,"Long-Sleeve Logo Jersey, L",Jerseys,Multi,L,S ,Clothing,Long-Sleeve Logo Jersey
234,LJ-0192-L,"Long-Sleeve Logo Jersey, L",Jerseys,Multi,L,S ,Clothing,Long-Sleeve Logo Jersey
235,LJ-0192-X,"Long-Sleeve Logo Jersey, XL",Jerseys,Multi,XL,S ,Clothing,Long-Sleeve Logo Jersey
236,LJ-0192-X,"Long-Sleeve Logo Jersey, XL",Jerseys,Multi,XL,S ,Clothing,Long-Sleeve Logo Jersey
237,LJ-0192-X,"Long-Sleeve Logo Jersey, XL",Jerseys,Multi,XL,S ,Clothing,Long-Sleeve Logo Jersey
238,FR-R92R-62,"HL Road Frame - Red, 62",Road Frames,Red,62,R ,Components,HL Road Frame
239,FR-R92R-62,"HL Road Frame - Red, 62",Road Frames,Red,62,R ,Components,HL Road Frame
240,FR-R92R-62,"HL Road Frame - Red, 62",Road Frames,Red,62,R ,Components,HL Road Frame
241,FR-R92R-44,"HL Road Frame - Red, 44",Road Frames,Red,44,R ,Components,HL Road Frame
242,FR-R92R-44,"HL Road Frame - Red, 44",Road Frames,Red,44,R ,Components,HL Road Frame
243,FR-R92R-44,"HL Road Frame - Red, 44",Road Frames,Red,44,R ,Components,HL Road Frame
244,FR-R92R-48,"HL Road Frame - Red, 48",Road Frames,Red,48,R ,Components,HL Road Frame
245,FR-R92R-48,"HL Road Frame - Red, 48",Road Frames,Red,48,R ,Components,HL Road Frame
246,FR-R92R-48,"HL Road Frame - Red, 48",Road Frames,Red,48,R ,Components,HL Road Frame
247,FR-R92R-52,"HL Road Frame - Red, 52",Road Frames,Red,52,R ,Components,HL Road Frame
248,FR-R92R-52,"HL Road Frame - Red, 52",Road Frames,Red,52,R ,Components,HL Road Frame
249,FR-R92R-52,"HL Road Frame - Red, 52",Road Frames,Red,52,R ,Components,HL Road Frame
250,FR-R92R-56,"HL Road Frame - Red, 56",Road Frames,Red,56,R ,Components,HL Road Frame
251,FR-R92R-56,"HL Road Frame - Red, 56",Road Frames,Red,56,R ,Components,HL Road Frame
252,FR-R92R-56,"HL Road Frame - Red, 56",Road Frames,Red,56,R ,Components,HL Road Frame
253,FR-R38B-58,"LL Road Frame - Black, 58",Road Frames,Black,58,R ,Components,LL Road Frame
254,FR-R38B-58,"LL Road Frame - Black, 58",Road Frames,Black,58,R ,Components,LL Road Frame
255,FR-R38B-58,"LL Road Frame - Black, 58",Road Frames,Black,58,R ,Components,LL Road Frame
256,FR-R38B-60,"LL Road Frame - Black, 60",Road Frames,Black,60,R ,Components,LL Road Frame
257,FR-R38B-60,"LL Road Frame - Black, 60",Road Frames,Black,60,R ,Components,LL Road Frame
258,FR-R38B-60,"LL Road Frame - Black, 60",Road Frames,Black,60,R ,Components,LL Road Frame
259,FR-R38B-62,"LL Road Frame - Black, 62",Road Frames,Black,62,R ,Components,LL Road Frame
260,FR-R38B-62,"LL Road Frame - Black, 62",Road Frames,Black,62,R ,Components,LL Road Frame
261,FR-R38B-62,"LL Road Frame - Black, 62",Road Frames,Black,62,R ,Components,LL Road Frame
262,FR-R38R-44,"LL Road Frame - Red, 44",Road Frames,Red,44,R ,Components,LL Road Frame
263,FR-R38R-44,"LL Road Frame - Red, 44",Road Frames,Red,44,R ,Components,LL Road Frame
264,FR-R38R-48,"LL Road Frame - Red, 48",Road Frames,Red,48,R ,Components,LL Road Frame
265,FR-R38R-48,"LL Road Frame - Red, 48",Road Frames,Red,48,R ,Components,LL Road Frame
266,FR-R38R-52,"LL Road Frame - Red, 52",Road Frames,Red,52,R ,Components,LL Road Frame
267,FR-R38R-52,"LL Road Frame - Red, 52",Road Frames,Red,52,R ,Components,LL Road Frame
268,FR-R38R-58,"LL Road Frame - Red, 58",Road Frames,Red,58,R ,Components,LL Road Frame
269,FR-R38R-58,"LL Road Frame - Red, 58",Road Frames,Red,58,R ,Components,LL Road Frame
270,FR-R38R-60,"LL Road Frame - Red, 60",Road Frames,Red,60,R ,Components,LL Road Frame
271,FR-R38R-60,"LL Road Frame - Red, 60",Road Frames,Red,60,R ,Components,LL Road Frame
272,FR-R38R-62,"LL Road Frame - Red, 62",Road Frames,Red,62,R ,Components,LL Road Frame
273,FR-R38R-62,"LL Road Frame - Red, 62",Road Frames,Red,62,R ,Components,LL Road Frame
274,FR-R72R-44,"ML Road Frame - Red, 44",Road Frames,Red,44,R ,Components,ML Road Frame
275,FR-R72R-48,"ML Road Frame - Red, 48",Road Frames,Red,48,R ,Components,ML Road Frame
276,FR-R72R-52,"ML Road Frame - Red, 52",Road Frames,Red,52,R ,Components,ML Road Frame
277,FR-R72R-58,"ML Road Frame - Red, 58",Road Frames,Red,58,R ,Components,ML Road Frame
278,FR-R72R-60,"ML Road Frame - Red, 60",Road Frames,Red,60,R ,Components,ML Road Frame
279,FR-R38B-44,"LL Road Frame - Black, 44",Road Frames,Black,44,R ,Components,LL Road Frame
280,FR-R38B-44,"LL Road Frame - Black, 44",Road Frames,Black,44,R ,Components,LL Road Frame
281,FR-R38B-44,"LL Road Frame - Black, 44",Road Frames,Black,44,R ,Components,LL Road Frame
282,FR-R38B-48,"LL Road Frame - Black, 48",Road Frames,Black,48,R ,Components,LL Road Frame
283,FR-R38B-48,"LL Road Frame - Black, 48",Road Frames,Black,48,R ,Components,LL Road Frame
284,FR-R38B-48,"LL Road Frame - Black, 48",Road Frames,Black,48,R ,Components,LL Road Frame
285,FR-R38B-52,"LL Road Frame - Black, 52",Road Frames,Black,52,R ,Components,LL Road Frame
286,FR-R38B-52,"LL Road Frame - Black, 52",Road Frames,Black,52,R ,Components,LL Road Frame
287,FR-R38B-52,"LL Road Frame - Black, 52",Road Frames,Black,52,R ,Components,LL Road Frame
288,FR-M94S-42,"HL Mountain Frame - Silver, 42",Mountain Frames,Silver,42,M ,Components,HL Mountain Frame
289,FR-M94S-42,"HL Mountain Frame - Silver, 42",Mountain Frames,Silver,42,M ,Components,HL Mountain Frame
290,FR-M94S-42,"HL Mountain Frame - Silver, 42",Mountain Frames,Silver,42,M ,Components,HL Mountain Frame
291,FR-M94S-44,"HL Mountain Frame - Silver, 44",Mountain Frames,Silver,44,M ,Components,HL Mountain Frame
292,FR-M94S-52,"HL Mountain Frame - Silver, 48",Mountain Frames,Silver,48,M ,Components,HL Mountain Frame
293,FR-M94S-46,"HL Mountain Frame - Silver, 46",Mountain Frames,Silver,46,M ,Components,HL Mountain Frame
294,FR-M94S-46,"HL Mountain Frame - Silver, 46",Mountain Frames,Silver,46,M ,Components,HL Mountain Frame
295,FR-M94S-46,"HL Mountain Frame - Silver, 46",Mountain Frames,Silver,46,M ,Components,HL Mountain Frame
296,FR-M94B-42,"HL Mountain Frame - Black, 42",Mountain Frames,Black,42,M ,Components,HL Mountain Frame
297,FR-M94B-42,"HL Mountain Frame - Black, 42",Mountain Frames,Black,42,M ,Components,HL Mountain Frame
298,FR-M94B-42,"HL Mountain Frame - Black, 42",Mountain Frames,Black,42,M ,Components,HL Mountain Frame
299,FR-M94B-44,"HL Mountain Frame - Black, 44",Mountain Frames,Black,44,M ,Components,HL Mountain Frame
300,FR-M94B-48,"HL Mountain Frame - Black, 48",Mountain Frames,Black,48,M ,Components,HL Mountain Frame
301,FR-M94B-46,"HL Mountain Frame - Black, 46",Mountain Frames,Black,46,M ,Components,HL Mountain Frame
302,FR-M94B-46,"HL Mountain Frame - Black, 46",Mountain Frames,Black,46,M ,Components,HL Mountain Frame
303,FR-M94B-46,"HL Mountain Frame - Black, 46",Mountain Frames,Black,46,M ,Components,HL Mountain Frame
304,FR-M94B-38,"HL Mountain Frame - Black, 38",Mountain Frames,Black,38,M ,Components,HL Mountain Frame
305,FR-M94B-38,"HL Mountain Frame - Black, 38",Mountain Frames,Black,38,M ,Components,HL Mountain Frame
306,FR-M94B-38,"HL Mountain Frame - Black, 38",Mountain Frames,Black,38,M ,Components,HL Mountain Frame
307,FR-M94S-38,"HL Mountain Frame - Silver, 38",Mountain Frames,Silver,38,M ,Components,HL Mountain Frame
308,FR-M94S-38,"HL Mountain Frame - Silver, 38",Mountain Frames,Silver,38,M ,Components,HL Mountain Frame
309,FR-M94S-38,"HL Mountain Frame - Silver, 38",Mountain Frames,Silver,38,M ,Components,HL Mountain Frame
310,BK-R93R-62,"Road-150 Red, 62",Road Bikes,Red,62,R ,Bikes,Road-150
311,BK-R93R-44,"Road-150 Red, 44",Road Bikes,Red,44,R ,Bikes,Road-150
312,BK-R93R-48,"Road-150 Red, 48",Road Bikes,Red,48,R ,Bikes,Road-150
313,BK-R93R-52,"Road-150 Red, 52",Road Bikes,Red,52,R ,Bikes,Road-150
314,BK-R93R-56,"Road-150 Red, 56",Road Bikes,Red,56,R ,Bikes,Road-150
315,BK-R68R-58,"Road-450 Red, 58",Road Bikes,Red,58,R ,Bikes,Road-450
316,BK-R68R-60,"Road-450 Red, 60",Road Bikes,Red,60,R ,Bikes,Road-450
317,BK-R68R-44,"Road-450 Red, 44",Road Bikes,Red,44,R ,Bikes,Road-450
318,BK-R68R-48,"Road-450 Red, 48",Road Bikes,Red,48,R ,Bikes,Road-450
319,BK-R68R-52,"Road-450 Red, 52",Road Bikes,Red,52,R ,Bikes,Road-450
320,BK-R50R-58,"Road-650 Red, 58",Road Bikes,Red,58,R ,Bikes,Road-650
321,BK-R50R-58,"Road-650 Red, 58",Road Bikes,Red,58,R ,Bikes,Road-650
322,BK-R50R-60,"Road-650 Red, 60",Road Bikes,Red,60,R ,Bikes,Road-650
323,BK-R50R-60,"Road-650 Red, 60",Road Bikes,Red,60,R ,Bikes,Road-650
324,BK-R50R-62,"Road-650 Red, 62",Road Bikes,Red,62,R ,Bikes,Road-650
325,BK-R50R-62,"Road-650 Red, 62",Road Bikes,Red,62,R ,Bikes,Road-650
326,BK-R50R-44,"Road-650 Red, 44",Road Bikes,Red,44,R ,Bikes,Road-650
327,BK-R50R-44,"Road-650 Red, 44",Road Bikes,Red,44,R ,Bikes,Road-650
328,BK-R50R-48,"Road-650 Red, 48",Road Bikes,Red,48,R ,Bikes,Road-650
329,BK-R50R-48,"Road-650 Red, 48",Road Bikes,Red,48,R ,Bikes,Road-650
330,BK-R50R-52,"Road-650 Red, 52",Road Bikes,Red,52,R ,Bikes,Road-650
331,BK-R50R-52,"Road-650 Red, 52",Road Bikes,Red,52,R ,Bikes,Road-650
332,BK-R50B-58,"Road-650 Black, 58",Road Bikes,Black,58,R ,Bikes,Road-650
333,BK-R50B-58,"Road-650 Black, 58",Road Bikes,Black,58,R ,Bikes,Road-650
334,BK-R50B-60,"Road-650 Black, 60",Road Bikes,Black,60,R ,Bikes,Road-650
335,BK-R50B-60,"Road-650 Black, 60",Road Bikes,Black,60,R ,Bikes,Road-650
336,BK-R50B-62,"Road-650 Black, 62",Road Bikes,Black,62,R ,Bikes,Road-650
337,BK-R50B-62,"Road-650 Black, 62",Road Bikes,Black,62,R ,Bikes,Road-650
338,BK-R50B-44,"Road-650 Black, 44",Road Bikes,Black,44,R ,Bikes,Road-650
339,BK-R50B-44,"Road-650 Black, 44",Road Bikes,Black,44,R ,Bikes,Road-650
340,BK-R50B-48,"Road-650 Black, 48",Road Bikes,Black,48,R ,Bikes,Road-650
341,BK-R50B-48,"Road-650 Black, 48",Road Bikes,Black,48,R ,Bikes,Road-650
342,BK-R50B-52,"Road-650 Black, 52",Road Bikes,Black,52,R ,Bikes,Road-650
343,BK-R50B-52,"Road-650 Black, 52",Road Bikes,Black,52,R ,Bikes,Road-650
344,BK-M82S-38,"Mountain-100 Silver, 38",Mountain Bikes,Silver,38,M ,Bikes,Mountain-100
345,BK-M82S-42,"Mountain-100 Silver, 42",Mountain Bikes,Silver,42,M ,Bikes,Mountain-100
346,BK-M82S-44,"Mountain-100 Silver, 44",Mountain Bikes,Silver,44,M ,Bikes,Mountain-100
347,BK-M82S-48,"Mountain-100 Silver, 48",Mountain Bikes,Silver,48,M ,Bikes,Mountain-100
348,BK-M82B-38,"Mountain-100 Black, 38",Mountain Bikes,Black,38,M ,Bikes,Mountain-100
349,BK-M82B-42,"Mountain-100 Black, 42",Mountain Bikes,Black,42,M ,Bikes,Mountain-100
350,BK-M82B-44,"Mountain-100 Black, 44",Mountain Bikes,Black,44,M ,Bikes,Mountain-100
351,BK-M82B-48,"Mountain-100 Black, 48",Mountain Bikes,Black,48,M ,Bikes,Mountain-100
352,BK-M68S-38,"Mountain-200 Silver, 38",Mountain Bikes,Silver,38,M ,Bikes,Mountain-200
353,BK-M68S-38,"Mountain-200 Silver, 38",Mountain Bikes,Silver,38,M ,Bikes,Mountain-200
354,BK-M68S-42,"Mountain-200 Silver, 42",Mountain Bikes,Silver,42,M ,Bikes,Mountain-200
355,BK-M68S-42,"Mountain-200 Silver, 42",Mountain Bikes,Silver,42,M ,Bikes,Mountain-200
356,BK-M68S-46,"Mountain-200 Silver, 46",Mountain Bikes,Silver,46,M ,Bikes,Mountain-200
357,BK-M68S-46,"Mountain-200 Silver, 46",Mountain Bikes,Silver,46,M ,Bikes,Mountain-200
358,BK-M68B-38,"Mountain-200 Black, 38",Mountain Bikes,Black,38,M ,Bikes,Mountain-200
359,BK-M68B-38,"Mountain-200 Black, 38",Mountain Bikes,Black,38,M ,Bikes,Mountain-200
360,BK-M68B-42,"Mountain-200 Black, 42",Mountain Bikes,Black,42,M ,Bikes,Mountain-200
361,BK-M68B-42,"Mountain-200 Black, 42",Mountain Bikes,Black,42,M ,Bikes,Mountain-200
362,BK-M68B-46,"Mountain-200 Black, 46",Mountain Bikes,Black,46,M ,Bikes,Mountain-200
363,BK-M68B-46,"Mountain-200 Black, 46",Mountain Bikes,Black,46,M ,Bikes,Mountain-200
364,BK-M47B-38,"Mountain-300 Black, 38",Mountain Bikes,Black,38,M ,Bikes,Mountain-300
365,BK-M47B-40,"Mountain-300 Black, 40",Mountain Bikes,Black,40,M ,Bikes,Mountain-300
366,BK-M47B-44,"Mountain-300 Black, 44",Mountain Bikes,Black,44,M ,Bikes,Mountain-300
367,BK-M47B-48,"Mountain-300 Black, 48",Mountain Bikes,Black,48,M ,Bikes,Mountain-300
368,BK-R89R-44,"Road-250 Red, 44",Road Bikes,Red,44,R ,Bikes,Road-250
369,BK-R89R-48,"Road-250 Red, 48",Road Bikes,Red,48,R ,Bikes,Road-250
370,BK-R89R-52,"Road-250 Red, 52",Road Bikes,Red,52,R ,Bikes,Road-250
371,BK-R89R-58,"Road-250 Red, 58",Road Bikes,Red,58,R ,Bikes,Road-250
372,BK-R89R-58,"Road-250 Red, 58",Road Bikes,Red,58,R ,Bikes,Road-250
373,BK-R89B-44,"Road-250 Black, 44",Road Bikes,Black,44,R ,Bikes,Road-250
374,BK-R89B-44,"Road-250 Black, 44",Road Bikes,Black,44,R ,Bikes,Road-250
375,BK-R89B-48,"Road-250 Black, 48",Road Bikes,Black,48,R ,Bikes,Road-250
376,BK-R89B-48,"Road-250 Black, 48",Road Bikes,Black,48,R ,Bikes,Road-250
377,BK-R89B-52,"Road-250 Black, 52",Road Bikes,Black,52,R ,Bikes,Road-250
378,BK-R89B-52,"Road-250 Black, 52",Road Bikes,Black,52,R ,Bikes,Road-250
379,BK-R89B-58,"Road-250 Black, 58",Road Bikes,Black,58,R ,Bikes,Road-250
380,BK-R89B-58,"Road-250 Black, 58",Road Bikes,Black,58,R ,Bikes,Road-250
381,BK-R64Y-38,"Road-550-W Yellow, 38",Road Bikes,Yellow,38,R ,Bikes,Road-550-W
382,BK-R64Y-38,"Road-550-W Yellow, 38",Road Bikes,Yellow,38,R ,Bikes,Road-550-W
383,BK-R64Y-40,"Road-550-W Yellow, 40",Road Bikes,Yellow,40,R ,Bikes,Road-550-W
384,BK-R64Y-40,"Road-550-W Yellow, 40",Road Bikes,Yellow,40,R ,Bikes,Road-550-W
385,BK-R64Y-42,"Road-550-W Yellow, 42",Road Bikes,Yellow,42,R ,Bikes,Road-550-W
386,BK-R64Y-42,"Road-550-W Yellow, 42",Road Bikes,Yellow,42,R ,Bikes,Road-550-W
387,BK-R64Y-44,"Road-550-W Yellow, 44",Road Bikes,Yellow,44,R ,Bikes,Road-550-W
388,BK-R64Y-44,"Road-550-W Yellow, 44",Road Bikes,Yellow,44,R ,Bikes,Road-550-W
389,BK-R64Y-48,"Road-550-W Yellow, 48",Road Bikes,Yellow,48,R ,Bikes,Road-550-W
390,BK-R64Y-48,"Road-550-W Yellow, 48",Road Bikes,Yellow,48,R ,Bikes,Road-550-W
391,FK-1639,LL Fork,Forks,NA,NULL,NULL,Components,LL Fork
392,FK-5136,ML Fork,Forks,NA,NULL,NULL,Components,ML Fork
393,FK-9939,HL Fork,Forks,NA,NULL,NULL,Components,HL Fork
394,HS-0296,LL Headset,Headsets,NA,NULL,NULL,Components,LL Headset
395,HS-2451,ML Headset,Headsets,NA,NULL,NULL,Components,ML Headset
396,HS-3479,HL Headset,Headsets,NA,NULL,NULL,Components,HL Headset
397,HB-M243,LL Mountain Handlebars,Handlebars,NA,NULL,M ,Components,LL Mountain Handlebars
398,HB-M243,LL Mountain Handlebars,Handlebars,NA,NULL,M ,Components,LL Mountain Handlebars
399,HB-M763,ML Mountain Handlebars,Handlebars,NA,NULL,M ,Components,ML Mountain Handlebars
400,HB-M763,ML Mountain Handlebars,Handlebars,NA,NULL,M ,Components,ML Mountain Handlebars
401,HB-M918,HL Mountain Handlebars,Handlebars,NA,NULL,M ,Components,HL Mountain Handlebars
402,HB-M918,HL Mountain Handlebars,Handlebars,NA,NULL,M ,Components,HL Mountain Handlebars
403,HB-R504,LL Road Handlebars,Handlebars,NA,NULL,R ,Components,LL Road Handlebars
404,HB-R504,LL Road Handlebars,Handlebars,NA,NULL,R ,Components,LL Road Handlebars
405,HB-R720,ML Road Handlebars,Handlebars,NA,NULL,R ,Components,ML Road Handlebars
406,HB-R720,ML Road Handlebars,Handlebars,NA,NULL,R ,Components,ML Road Handlebars
407,HB-R956,HL Road Handlebars,Handlebars,NA,NULL,R ,Components,HL Road Handlebars
408,HB-R956,HL Road Handlebars,Handlebars,NA,NULL,R ,Components,HL Road Handlebars
409,FR-M63B-38,"ML Mountain Frame - Black, 38",Mountain Frames,Black,38,M ,Components,ML Mountain Frame-W
410,FW-M423,LL Mountain Front Wheel,Wheels,Black,NULL,M ,Components,LL Mountain Front Wheel
411,FW-M762,ML Mountain Front Wheel,Wheels,Black,NULL,M ,Components,ML Mountain Front Wheel
412,FW-M928,HL Mountain Front Wheel,Wheels,Black,NULL,M ,Components,HL Mountain Front Wheel
413,FW-R623,LL Road Front Wheel,Wheels,Black,NULL,R ,Components,LL Road Front Wheel
414,FW-R762,ML Road Front Wheel,Wheels,Black,NULL,R ,Components,ML Road Front Wheel
415,FW-R820,HL Road Front Wheel,Wheels,Black,NULL,R ,Components,HL Road Front Wheel
416,FW-T905,Touring Front Wheel,Wheels,Black,NULL,T ,Components,Touring Front Wheel
417,FR-R72Y-38,"ML Road Frame-W - Yellow, 38",Road Frames,Yellow,38,R ,Components,ML Road Frame-W
418,FR-R72Y-38,"ML Road Frame-W - Yellow, 38",Road Frames,Yellow,38,R ,Components,ML Road Frame-W
419,RW-M423,LL Mountain Rear Wheel,Wheels,Black,NULL,M ,Components,LL Mountain Rear Wheel
420,RW-M762,ML Mountain Rear Wheel,Wheels,Black,NULL,M ,Components,ML Mountain Rear Wheel
421,RW-M928,HL Mountain Rear Wheel,Wheels,Black,NULL,M ,Components,HL Mountain Rear Wheel
422,RW-R623,LL Road Rear Wheel,Wheels,Black,NULL,R ,Components,LL Road Rear Wheel
423,RW-R762,ML Road Rear Wheel,Wheels,Black,NULL,R ,Components,ML Road Rear Wheel
424,RW-R820,HL Road Rear Wheel,Wheels,Black,NULL,R ,Components,HL Road Rear Wheel
425,RW-T905,Touring Rear Wheel,Wheels,Black,NULL,T ,Components,Touring Rear Wheel
426,FR-M63B-40,"ML Mountain Frame - Black, 40",Mountain Frames,Black,40,M ,Components,ML Mountain Frame
427,FR-M63B-44,"ML Mountain Frame - Black, 44",Mountain Frames,Black,44,M ,Components,ML Mountain Frame
428,FR-M63B-48,"ML Mountain Frame - Black, 48",Mountain Frames,Black,48,M ,Components,ML Mountain Frame
429,FR-R72Y-40,"ML Road Frame-W - Yellow, 40",Road Frames,Yellow,40,R ,Components,ML Road Frame-W
430,FR-R72Y-40,"ML Road Frame-W - Yellow, 40",Road Frames,Yellow,40,R ,Components,ML Road Frame-W
431,FR-R72Y-42,"ML Road Frame-W - Yellow, 42",Road Frames,Yellow,42,R ,Components,ML Road Frame-W
432,FR-R72Y-42,"ML Road Frame-W - Yellow, 42",Road Frames,Yellow,42,R ,Components,ML Road Frame-W
433,FR-R72Y-44,"ML Road Frame-W - Yellow, 44",Road Frames,Yellow,44,R ,Components,ML Road Frame-W
434,FR-R72Y-44,"ML Road Frame-W - Yellow, 44",Road Frames,Yellow,44,R ,Components,ML Road Frame-W
435,FR-R72Y-48,"ML Road Frame-W - Yellow, 48",Road Frames,Yellow,48,R ,Components,ML Road Frame-W
436,FR-R72Y-48,"ML Road Frame-W - Yellow, 48",Road Frames,Yellow,48,R ,Components,ML Road Frame-W
437,FR-R92B-62,"HL Road Frame - Black, 62",Road Frames,Black,62,R ,Components,HL Road Frame
438,FR-R92B-62,"HL Road Frame - Black, 62",Road Frames,Black,62,R ,Components,HL Road Frame
439,FR-R92B-44,"HL Road Frame - Black, 44",Road Frames,Black,44,R ,Components,HL Road Frame
440,FR-R92B-44,"HL Road Frame - Black, 44",Road Frames,Black,44,R ,Components,HL Road Frame
441,FR-R92B-48,"HL Road Frame - Black, 48",Road Frames,Black,48,R ,Components,HL Road Frame
442,FR-R92B-48,"HL Road Frame - Black, 48",Road Frames,Black,48,R ,Components,HL Road Frame
443,FR-R92B-52,"HL Road Frame - Black, 52",Road Frames,Black,52,R ,Components,HL Road Frame
444,FR-R92B-52,"HL Road Frame - Black, 52",Road Frames,Black,52,R ,Components,HL Road Frame
445,SH-M897-S,"Men's Sports Shorts, S",Shorts,Black,S,S ,Clothing,Men's Sports Shorts
446,PA-T100,"Touring-Panniers, Large",Panniers,Grey,NULL,T ,Accessories,Touring-Panniers
447,LO-C100,Cable Lock,Locks,NA,NULL,S ,Accessories,Cable Lock
448,PU-0452,Minipump,Pumps,NA,NULL,S ,Accessories,Minipump
449,PU-M044,Mountain Pump,Pumps,NA,NULL,M ,Accessories,Mountain Pump
450,LT-T990,Taillights - Battery-Powered,Lights,NA,NULL,R ,Accessories,Taillight
451,LT-H902,Headlights - Dual-Beam,Lights,NA,NULL,R ,Accessories,Headlights - Dual-Beam
452,LT-H903,Headlights - Weatherproof,Lights,NA,NULL,R ,Accessories,Headlights - Weatherproof
453,SH-M897-M,"Men's Sports Shorts, M",Shorts,Black,M,S ,Clothing,Men's Sports Shorts
454,SH-M897-L,"Men's Sports Shorts, L",Shorts,Black,L,S ,Clothing,Men's Sports Shorts
455,SH-M897-X,"Men's Sports Shorts, XL",Shorts,Black,XL,S ,Clothing,Men's Sports Shorts
456,TG-W091-S,"Women's Tights, S",Tights,Black,S,S ,Clothing,Women's Tights
457,TG-W091-M,"Women's Tights, M",Tights,Black,M,S ,Clothing,Women's Tights
458,TG-W091-L,"Women's Tights, L",Tights,Black,L,S ,Clothing,Women's Tights
459,SB-M891-S,"Men's Bib-Shorts, S",Bib-Shorts,Multi,S,S ,Clothing,Men's Bib-Shorts
460,SB-M891-M,"Men's Bib-Shorts, M",Bib-Shorts,Multi,M,S ,Clothing,Men's Bib-Shorts
461,SB-M891-L,"Men's Bib-Shorts, L",Bib-Shorts,Multi,L,S ,Clothing,Men's Bib-Shorts
462,GL-H102-S,"Half-Finger Gloves, S",Gloves,Black,S,S ,Clothing,Half-Finger Gloves
463,GL-H102-S,"Half-Finger Gloves, S",Gloves,Black,S,S ,Clothing,Half-Finger Gloves
464,GL-H102-M,"Half-Finger Gloves, M",Gloves,Black,M,S ,Clothing,Half-Finger Gloves
465,GL-H102-M,"Half-Finger Gloves, M",Gloves,Black,M,S ,Clothing,Half-Finger Gloves
466,GL-H102-L,"Half-Finger Gloves, L",Gloves,Black,L,S ,Clothing,Half-Finger Gloves
467,GL-H102-L,"Half-Finger Gloves, L",Gloves,Black,L,S ,Clothing,Half-Finger Gloves
468,GL-F110-S,"Full-Finger Gloves, S",Gloves,Black,S,M ,Clothing,Full-Finger Gloves
469,GL-F110-M,"Full-Finger Gloves, M",Gloves,Black,M,M ,Clothing,Full-Finger Gloves
470,GL-F110-L,"Full-Finger Gloves, L",Gloves,Black,L,M ,Clothing,Full-Finger Gloves
471,VE-C304-S,"Classic Vest, S",Vests,Blue,S,S ,Clothing,Classic Vest
472,VE-C304-M,"Classic Vest, M",Vests,Blue,M,S ,Clothing,Classic Vest
473,VE-C304-L,"Classic Vest, L",Vests,Blue,L,S ,Clothing,Classic Vest
474,SH-W890-S,"Women's Mountain Shorts, S",Shorts,Black,S,M ,Clothing,Women's Mountain Shorts
475,SH-W890-M,"Women's Mountain Shorts, M",Shorts,Black,M,M ,Clothing,Women's Mountain Shorts
476,SH-W890-L,"Women's Mountain Shorts, L",Shorts,Black,L,M ,Clothing,Women's Mountain Shorts
477,WB-H098,Water Bottle - 30 oz.,Bottles and Cages,NA,NULL,S ,Accessories,Water Bottle
478,BC-M005,Mountain Bottle Cage,Bottles and Cages,NA,NULL,M ,Accessories,Mountain Bottle Cage
479,BC-R205,Road Bottle Cage,Bottles and Cages,NA,NULL,R ,Accessories,Road Bottle Cage
480,PK-7098,Patch Kit/8 Patches,Tires and Tubes,NA,NULL,S ,Accessories,Patch kit
481,SO-R809-M,"Racing Socks, M",Socks,White,M,R ,Clothing,Racing Socks
482,SO-R809-L,"Racing Socks, L",Socks,White,L,R ,Clothing,Racing Socks
483,RA-H123,Hitch Rack - 4-Bike,Bike Racks,NA,NULL,S ,Accessories,Hitch Rack - 4-Bike
484,CL-9009,Bike Wash - Dissolver,Cleaners,NA,NULL,S ,Accessories,Bike Wash
485,FE-6654,Fender Set - Mountain,Fenders,NA,NULL,M ,Accessories,Fender Set - Mountain
486,ST-1401,All-Purpose Bike Stand,Bike Stands,NA,NULL,M ,Accessories,All-Purpose Bike Stand
487,HY-1023-70,Hydration Pack - 70 oz.,Hydration Packs,Silver,70,S ,Accessories,Hydration Pack
488,SJ-0194-S,"Short-Sleeve Classic Jersey, S",Jerseys,Yellow,S,S ,Clothing,Short-Sleeve Classic Jersey
489,SJ-0194-M,"Short-Sleeve Classic Jersey, M",Jerseys,Yellow,M,S ,Clothing,Short-Sleeve Classic Jersey
490,SJ-0194-L,"Short-Sleeve Classic Jersey, L",Jerseys,Yellow,L,S ,Clothing,Short-Sleeve Classic Jersey
491,SJ-0194-X,"Short-Sleeve Classic Jersey, XL",Jerseys,Yellow,XL,S ,Clothing,Short-Sleeve Classic Jersey
492,FR-T98Y-60,"HL Touring Frame - Yellow, 60",Touring Frames,Yellow,60,T ,Components,HL Touring Frame
493,FR-T67Y-62,"LL Touring Frame - Yellow, 62",Touring Frames,Yellow,62,T ,Components,LL Touring Frame
494,FR-T98Y-46,"HL Touring Frame - Yellow, 46",Touring Frames,Yellow,46,T ,Components,HL Touring Frame
495,FR-T98Y-50,"HL Touring Frame - Yellow, 50",Touring Frames,Yellow,50,T ,Components,HL Touring Frame
496,FR-T98Y-54,"HL Touring Frame - Yellow, 54",Touring Frames,Yellow,54,T ,Components,HL Touring Frame
497,FR-T98U-46,"HL Touring Frame - Blue, 46",Touring Frames,Blue,46,T ,Components,HL Touring Frame
498,FR-T98U-50,"HL Touring Frame - Blue, 50",Touring Frames,Blue,50,T ,Components,HL Touring Frame
499,FR-T98U-54,"HL Touring Frame - Blue, 54",Touring Frames,Blue,54,T ,Components,HL Touring Frame
500,FR-T98U-60,"HL Touring Frame - Blue, 60",Touring Frames,Blue,60,T ,Components,HL Touring Frame
501,RD-2308,Rear Derailleur,Derailleurs,Silver,NULL,NULL,Components,Rear Derailleur
502,FR-T67U-50,"LL Touring Frame - Blue, 50",Touring Frames,Blue,50,T ,Components,LL Touring Frame
503,FR-T67U-54,"LL Touring Frame - Blue, 54",Touring Frames,Blue,54,T ,Components,LL Touring Frame
504,FR-T67U-58,"LL Touring Frame - Blue, 58",Touring Frames,Blue,58,T ,Components,LL Touring Frame
505,FR-T67U-62,"LL Touring Frame - Blue, 62",Touring Frames,Blue,62,T ,Components,LL Touring Frame
506,FR-T67Y-44,"LL Touring Frame - Yellow, 44",Touring Frames,Yellow,44,T ,Components,LL Touring Frame
507,FR-T67Y-50,"LL Touring Frame - Yellow, 50",Touring Frames,Yellow,50,T ,Components,LL Touring Frame
508,FR-T67Y-54,"LL Touring Frame - Yellow, 54",Touring Frames,Yellow,54,T ,Components,LL Touring Frame
509,FR-T67Y-58,"LL Touring Frame - Yellow, 58",Touring Frames,Yellow,58,T ,Components,LL Touring Frame
510,FR-T67U-44,"LL Touring Frame - Blue, 44",Touring Frames,Blue,44,T ,Components,LL Touring Frame
511,FR-M63S-40,"ML Mountain Frame-W - Silver, 40",Mountain Frames,Silver,40,M ,Components,ML Mountain Frame-W
512,FR-M63S-42,"ML Mountain Frame-W - Silver, 42",Mountain Frames,Silver,42,M ,Components,ML Mountain Frame-W
513,FR-M63S-46,"ML Mountain Frame-W - Silver, 46",Mountain Frames,Silver,46,M ,Components,ML Mountain Frame-W
514,RB-9231,Rear Brakes,Brakes,Silver,NULL,NULL,Components,Rear Brakes
515,SE-M236,LL Mountain Seat/Saddle,Saddles,NA,NULL,M ,Components,LL Mountain Seat/Saddle 2
516,SE-M798,ML Mountain Seat/Saddle,Saddles,NA,NULL,M ,Components,ML Mountain Seat/Saddle 2
517,SE-M940,HL Mountain Seat/Saddle,Saddles,NA,NULL,M ,Components,HL Mountain Seat/Saddle 2
518,SE-R581,LL Road Seat/Saddle,Saddles,NA,NULL,R ,Components,LL Road Seat/Saddle 1
519,SE-R908,ML Road Seat/Saddle,Saddles,NA,NULL,T ,Components,ML Road Seat/Saddle 2
520,SE-R995,HL Road Seat/Saddle,Saddles,NA,NULL,R ,Components,HL Road Seat/Saddle 2
521,SE-T312,LL Touring Seat/Saddle,Saddles,NA,NULL,T ,Components,LL Touring Seat/Saddle
522,SE-T762,ML Touring Seat/Saddle,Saddles,NA,NULL,T ,Components,ML Touring Seat/Saddle
523,SE-T924,HL Touring Seat/Saddle,Saddles,NA,NULL,T ,Components,HL Touring Seat/Saddle
524,FR-M21S-42,"LL Mountain Frame - Silver, 42",Mountain Frames,Silver,42,M ,Components,LL Mountain Frame
525,FR-M21S-44,"LL Mountain Frame - Silver, 44",Mountain Frames,Silver,44,M ,Components,LL Mountain Frame
526,FR-M21S-48,"LL Mountain Frame - Silver, 48",Mountain Frames,Silver,48,M ,Components,LL Mountain Frame
527,FR-M21S-52,"LL Mountain Frame - Silver, 52",Mountain Frames,Silver,52,M ,Components,LL Mountain Frame
528,TT-M928,Mountain Tire Tube,Tires and Tubes,NA,NULL,M ,Accessories,Mountain Tire Tube
529,TT-R982,Road Tire Tube,Tires and Tubes,NA,NULL,R ,Accessories,Road Tire Tube
530,TT-T092,Touring Tire Tube,Tires and Tubes,NA,NULL,T ,Accessories,Touring Tire Tube
531,FR-M21B-42,"LL Mountain Frame - Black, 42",Mountain Frames,Black,42,M ,Components,LL Mountain Frame
532,FR-M21B-44,"LL Mountain Frame - Black, 44",Mountain Frames,Black,44,M ,Components,LL Mountain Frame
533,FR-M21B-48,"LL Mountain Frame - Black, 48",Mountain Frames,Black,48,M ,Components,LL Mountain Frame
534,FR-M21B-52,"LL Mountain Frame - Black, 52",Mountain Frames,Black,52,M ,Components,LL Mountain Frame
535,TI-M267,LL Mountain Tire,Tires and Tubes,NA,NULL,M ,Accessories,LL Mountain Tire
536,TI-M602,ML Mountain Tire,Tires and Tubes,NA,NULL,M ,Accessories,ML Mountain Tire
537,TI-M823,HL Mountain Tire,Tires and Tubes,NA,NULL,M ,Accessories,HL Mountain Tire
538,TI-R092,LL Road Tire,Tires and Tubes,NA,NULL,R ,Accessories,LL Road Tire
539,TI-R628,ML Road Tire,Tires and Tubes,NA,NULL,R ,Accessories,ML Road Tire
540,TI-R982,HL Road Tire,Tires and Tubes,NA,NULL,R ,Accessories,HL Road Tire
541,TI-T723,Touring Tire,Tires and Tubes,NA,NULL,T ,Accessories,Touring Tire
542,PD-M282,LL Mountain Pedal,Pedals,Silver/Black,NULL,M ,Components,LL Mountain Pedal
543,PD-M340,ML Mountain Pedal,Pedals,Silver/Black,NULL,M ,Components,ML Mountain Pedal
544,PD-M562,HL Mountain Pedal,Pedals,Silver/Black,NULL,M ,Components,HL Mountain Pedal
545,PD-R347,LL Road Pedal,Pedals,Silver/Black,NULL,R ,Components,LL Road Pedal
546,PD-R563,ML Road Pedal,Pedals,Silver/Black,NULL,R ,Components,ML Road Pedal
547,PD-R853,HL Road Pedal,Pedals,Silver/Black,NULL,R ,Components,HL Road Pedal
548,PD-T852,Touring Pedal,Pedals,Silver/Black,NULL,T ,Components,Touring Pedal
549,FR-M63S-38,"ML Mountain Frame-W - Silver, 38",Mountain Frames,Silver,38,M ,Components,ML Mountain Frame-W
550,FR-M21B-40,"LL Mountain Frame - Black, 40",Mountain Frames,Black,40,M ,Components,LL Mountain Frame
551,FR-M21S-40,"LL Mountain Frame - Silver, 40",Mountain Frames,Silver,40,M ,Components,LL Mountain Frame
552,FD-2342,Front Derailleur,Derailleurs,Silver,NULL,NULL,Components,Front Derailleur
553,HB-T721,LL Touring Handlebars,Handlebars,NA,NULL,T ,Components,LL Touring Handlebars
554,HB-T928,HL Touring Handlebars,Handlebars,NA,NULL,T ,Components,HL Touring Handlebars
555,FB-9873,Front Brakes,Brakes,Silver,NULL,NULL,Components,Front Brakes
556,CS-4759,LL Crankset,Cranksets,Black,NULL,NULL,Components,LL Crankset
557,CS-6583,ML Crankset,Cranksets,Black,NULL,NULL,Components,ML Crankset
558,CS-9183,HL Crankset,Cranksets,Black,NULL,NULL,Components,HL Crankset
559,CH-0234,Chain,Chains,Silver,NULL,NULL,Components,Chain
560,BK-T44U-60,"Touring-2000 Blue, 60",Touring Bikes,Blue,60,T ,Bikes,Touring-2000
561,BK-T79Y-46,"Touring-1000 Yellow, 46",Touring Bikes,Yellow,46,T ,Bikes,Touring-1000
562,BK-T79Y-50,"Touring-1000 Yellow, 50",Touring Bikes,Yellow,50,T ,Bikes,Touring-1000
563,BK-T79Y-54,"Touring-1000 Yellow, 54",Touring Bikes,Yellow,54,T ,Bikes,Touring-1000
564,BK-T79Y-60,"Touring-1000 Yellow, 60",Touring Bikes,Yellow,60,T ,Bikes,Touring-1000
565,BK-T18U-54,"Touring-3000 Blue, 54",Touring Bikes,Blue,54,T ,Bikes,Touring-3000
566,BK-T18U-58,"Touring-3000 Blue, 58",Touring Bikes,Blue,58,T ,Bikes,Touring-3000
567,BK-T18U-62,"Touring-3000 Blue, 62",Touring Bikes,Blue,62,T ,Bikes,Touring-3000
568,BK-T18Y-44,"Touring-3000 Yellow, 44",Touring Bikes,Yellow,44,T ,Bikes,Touring-3000
569,BK-T18Y-50,"Touring-3000 Yellow, 50",Touring Bikes,Yellow,50,T ,Bikes,Touring-3000
570,BK-T18Y-54,"Touring-3000 Yellow, 54",Touring Bikes,Yellow,54,T ,Bikes,Touring-3000
571,BK-T18Y-58,"Touring-3000 Yellow, 58",Touring Bikes,Yellow,58,T ,Bikes,Touring-3000
572,BK-T18Y-62,"Touring-3000 Yellow, 62",Touring Bikes,Yellow,62,T ,Bikes,Touring-3000
573,BK-T79U-46,"Touring-1000 Blue, 46",Touring Bikes,Blue,46,T ,Bikes,Touring-1000
574,BK-T79U-50,"Touring-1000 Blue, 50",Touring Bikes,Blue,50,T ,Bikes,Touring-1000
575,BK-T79U-54,"Touring-1000 Blue, 54",Touring Bikes,Blue,54,T ,Bikes,Touring-1000
576,BK-T79U-60,"Touring-1000 Blue, 60",Touring Bikes,Blue,60,T ,Bikes,Touring-1000
577,BK-T44U-46,"Touring-2000 Blue, 46",Touring Bikes,Blue,46,T ,Bikes,Touring-2000
578,BK-T44U-50,"Touring-2000 Blue, 50",Touring Bikes,Blue,50,T ,Bikes,Touring-2000
579,BK-T44U-54,"Touring-2000 Blue, 54",Touring Bikes,Blue,54,T ,Bikes,Touring-2000
580,BK-R79Y-40,"Road-350-W Yellow, 40",Road Bikes,Yellow,40,R ,Bikes,Road-350-W
581,BK-R79Y-42,"Road-350-W Yellow, 42",Road Bikes,Yellow,42,R ,Bikes,Road-350-W
582,BK-R79Y-44,"Road-350-W Yellow, 44",Road Bikes,Yellow,44,R ,Bikes,Road-350-W
583,BK-R79Y-48,"Road-350-W Yellow, 48",Road Bikes,Yellow,48,R ,Bikes,Road-350-W
584,BK-R19B-58,"Road-750 Black, 58",Road Bikes,Black,58,R ,Bikes,Road-750
585,BK-T18U-44,"Touring-3000 Blue, 44",Touring Bikes,Blue,44,T ,Bikes,Touring-3000
586,BK-T18U-50,"Touring-3000 Blue, 50",Touring Bikes,Blue,50,T ,Bikes,Touring-3000
587,BK-M38S-38,"Mountain-400-W Silver, 38",Mountain Bikes,Silver,38,M ,Bikes,Mountain-400-W
588,BK-M38S-40,"Mountain-400-W Silver, 40",Mountain Bikes,Silver,40,M ,Bikes,Mountain-400-W
589,BK-M38S-42,"Mountain-400-W Silver, 42",Mountain Bikes,Silver,42,M ,Bikes,Mountain-400-W
590,BK-M38S-46,"Mountain-400-W Silver, 46",Mountain Bikes,Silver,46,M ,Bikes,Mountain-400-W
591,BK-M18S-40,"Mountain-500 Silver, 40",Mountain Bikes,Silver,40,M ,Bikes,Mountain-500
592,BK-M18S-42,"Mountain-500 Silver, 42",Mountain Bikes,Silver,42,M ,Bikes,Mountain-500
593,BK-M18S-44,"Mountain-500 Silver, 44",Mountain Bikes,Silver,44,M ,Bikes,Mountain-500
594,BK-M18S-48,"Mountain-500 Silver, 48",Mountain Bikes,Silver,48,M ,Bikes,Mountain-500
595,BK-M18S-52,"Mountain-500 Silver, 52",Mountain Bikes,Silver,52,M ,Bikes,Mountain-500
596,BK-M18B-40,"Mountain-500 Black, 40",Mountain Bikes,Black,40,M ,Bikes,Mountain-500
597,BK-M18B-42,"Mountain-500 Black, 42",Mountain Bikes,Black,42,M ,Bikes,Mountain-500
598,BK-M18B-44,"Mountain-500 Black, 44",Mountain Bikes,Black,44,M ,Bikes,Mountain-500
599,BK-M18B-48,"Mountain-500 Black, 48",Mountain Bikes,Black,48,M ,Bikes,Mountain-500
600,BK-M18B-52,"Mountain-500 Black, 52",Mountain Bikes,Black,52,M ,Bikes,Mountain-500
601,BB-7421,LL Bottom Bracket,Bottom Brackets,NA,NULL,NULL,Components,LL Bottom Bracket
602,BB-8107,ML Bottom Bracket,Bottom Brackets,NA,NULL,NULL,Components,ML Bottom Bracket
603,BB-9108,HL Bottom Bracket,Bottom Brackets,NA,NULL,NULL,Components,HL Bottom Bracket
604,BK-R19B-44,"Road-750 Black, 44",Road Bikes,Black,44,R ,Bikes,Road-750
605,BK-R19B-48,"Road-750 Black, 48",Road Bikes,Black,48,R ,Bikes,Road-750
